n,lambda_min,lambda_max,rotations,sweeps,off_diagonal_norm,max_residual,orthogonality_error,max_exact_eigenvalue_error,max_exact_vector_angle_error
50,2.0037933425259111e+00,5.9962066574740849e+00,4456,3.63755102,9.8352069283001662e-12,1.3193150275962276e-13,1.5544092532156376e-14,6.2172489379008766e-15,0.0000000000000000e+00
51,2.0036488915533641e+00,5.9963511084466363e+00,4585,3.59607843,9.9554083366667494e-12,1.3083284455817079e-13,1.7563183170800015e-14,5.3290705182007514e-15,0.0000000000000000e+00
52,2.0035125364713577e+00,5.9964874635286423e+00,4795,3.61613876,9.9286920387485917e-12,1.4427348205003909e-13,1.8147122271079290e-14,7.1054273576010019e-15,2.2204460492503131e-16
53,2.0033836834574634e+00,5.9966163165425366e+00,4955,3.59579100,1.0116188168729684e-11,1.2288318510892773e-13,1.7975088916652601e-14,7.1054273576010019e-15,0.0000000000000000e+00
54,2.0032617921477311e+00,5.9967382078522693e+00,5142,3.59329140,1.0247509046557639e-11,1.8701706849810762e-13,1.7700021180796881e-14,4.4408920985006262e-15,0.0000000000000000e+00
55,2.0031463699643672e+00,5.9968536300356297e+00,5354,3.60538721,1.0363287450083879e-11,1.2693549914880956e-13,1.9243659673488413e-14,6.2172489379008766e-15,0.0000000000000000e+00
56,2.0030369671333674e+00,5.9969630328666312e+00,5542,3.59870130,1.0433792225088724e-11,1.3918495985384047e-13,1.8247121248024503e-14,7.1054273576010019e-15,0.0000000000000000e+00
57,2.0029331722977530e+00,5.9970668277022492e+00,5816,3.64411028,1.0524722492450657e-11,1.3838004816098723e-13,1.9845971908502259e-14,6.2172489379008766e-15,0.0000000000000000e+00
58,2.0028346086464768e+00,5.9971653913535219e+00,5982,3.61887477,1.0637447759245978e-11,1.1735057370287905e-13,1.8532272566765876e-14,4.4408920985006262e-15,0.0000000000000000e+00
59,2.0027409304908539e+00,5.9972590695091421e+00,6104,3.56750438,1.0730629295796218e-11,1.1847930044458130e-13,1.9666477862033125e-14,6.2172489379008766e-15,0.0000000000000000e+00
60,2.0026518202303403e+00,5.9973481797696611e+00,6345,3.58474576,1.0790420296265282e-11,1.1644389156610183e-13,1.9861139729643541e-14,6.2172489379008766e-15,0.0000000000000000e+00
61,2.0025669856578943e+00,5.9974330143421106e+00,6584,3.59781421,1.0880077598680721e-11,1.0358380819752711e-13,1.8606131061128874e-14,6.2172489379008766e-15,0.0000000000000000e+00
62,2.0024861575621546e+00,5.9975138424378507e+00,6814,3.60338445,1.1041231030416508e-11,1.2199731965386226e-13,2.1021943472397020e-14,8.8817841970012523e-15,0.0000000000000000e+00
63,2.0024090875896552e+00,5.9975909124103426e+00,7055,3.61239119,1.1118322720795622e-11,1.3769808837279236e-13,2.2145474345342055e-14,7.9936057773011271e-15,0.0000000000000000e+00
64,2.0023355463353467e+00,5.9976644536646484e+00,7223,3.58283730,1.1127498097026830e-11,1.1080025785759062e-13,2.0226425903613402e-14,8.8817841970012523e-15,0.0000000000000000e+00
65,2.0022653216339847e+00,5.9977346783660126e+00,7434,3.57403846,1.1271163987791307e-11,1.3697376566312869e-13,2.2346722884428151e-14,8.8817841970012523e-15,0.0000000000000000e+00
66,2.0021982170285795e+00,5.9978017829714148e+00,7653,3.56783217,1.1386447659787111e-11,1.1463284025718204e-13,2.2502920188841032e-14,1.1546319456101628e-14,0.0000000000000000e+00
67,2.0021340503952580e+00,5.9978659496047442e+00,7967,3.60334690,1.1391056562192012e-11,1.0521213530031066e-13,2.1434227567886570e-14,6.2172489379008766e-15,1.1102230246251565e-16
68,2.0020726527065449e+00,5.9979273472934604e+00,8190,3.59525900,1.1509481057692127e-11,1.1265062956529921e-13,2.1666050348683817e-14,7.1054273576010019e-15,2.2204460492503131e-16
69,2.0020138669173715e+00,5.9979861330826303e+00,8445,3.59974425,1.1558518968085754e-11,1.1886787850320010e-13,2.2985833131365470e-14,1.1546319456101628e-14,0.0000000000000000e+00
70,2.0019575469600519e+00,5.9980424530399477e+00,8616,3.56770186,1.1683236435191754e-11,1.1487107561454954e-13,2.2900012898759677e-14,7.1054273576010019e-15,0.0000000000000000e+00
71,2.0019035568362842e+00,5.9980964431637123e+00,8980,3.61368209,1.1806080125696441e-11,1.3285668861347707e-13,2.2955078895837979e-14,8.8817841970012523e-15,4.4408920985006262e-16
72,2.0018517697955405e+00,5.9981482302044640e+00,9169,3.58724570,1.1908902254712114e-11,1.0993058315496758e-13,2.3911493171654576e-14,7.9936057773011271e-15,0.0000000000000000e+00
73,2.0018020675906398e+00,5.9981979324093588e+00,9476,3.60578387,1.1985152399719460e-11,1.1065222812097393e-13,2.3706517056636824e-14,1.1546319456101628e-14,0.0000000000000000e+00
74,2.0017543398022832e+00,5.9982456601977132e+00,9728,3.60162903,1.1997772018325542e-11,1.2113458384514311e-13,2.5052523528336402e-14,6.2172489379008766e-15,0.0000000000000000e+00
75,2.0017084832253982e+00,5.9982915167746071e+00,9927,3.57729730,1.2158564179812701e-11,1.6830981053317373e-13,2.4887671915629453e-14,8.8817841970012523e-15,0.0000000000000000e+00
76,2.0016644013108333e+00,5.9983355986891702e+00,10237,3.59192982,1.2216661386894945e-11,1.4262665123017845e-13,2.4853690390118843e-14,7.9936057773011271e-15,0.0000000000000000e+00
77,2.0016220036568608e+00,5.9983779963431374e+00,10492,3.58578264,1.2313754438963919e-11,1.1115645441132453e-13,2.6959714034450263e-14,8.8817841970012523e-15,0.0000000000000000e+00
78,2.0015812055453956e+00,5.9984187944545999e+00,10780,3.58974359,1.2328369904538571e-11,1.0018837611388183e-13,2.5794689871293709e-14,9.7699626167013776e-15,0.0000000000000000e+00
79,2.0015419275185540e+00,5.9984580724814478e+00,11068,3.59234015,1.2423623619739679e-11,1.1933047143012723e-13,2.6824344938364903e-14,9.7699626167013776e-15,0.0000000000000000e+00
80,2.0015040949915419e+00,5.9984959050084603e+00,11301,3.57626582,1.2488685612203686e-11,1.2086627994752538e-13,2.6167787915458914e-14,7.9936057773011271e-15,0.0000000000000000e+00
81,2.0014676378983807e+00,5.9985323621016198e+00,11635,3.59104938,1.2599723057054765e-11,1.0833001162779965e-13,2.7586031726690910e-14,7.9936057773011271e-15,0.0000000000000000e+00
82,2.0014324903673368e+00,5.9985675096326654e+00,11835,3.56368564,1.2697498452612334e-11,1.3760289204374962e-13,2.8907456416945695e-14,8.8817841970012523e-15,0.0000000000000000e+00
83,2.0013985904232001e+00,5.9986014095767910e+00,12174,3.57743168,1.2737838977423355e-11,9.7415131516953579e-14,2.8997232966934411e-14,7.9936057773011271e-15,0.0000000000000000e+00
84,2.0013658797139549e+00,5.9986341202860478e+00,12438,3.56798623,1.2852648067752971e-11,1.1513012765362873e-13,2.8575838346532170e-14,9.7699626167013776e-15,0.0000000000000000e+00
85,2.0013343032595197e+00,5.9986656967404777e+00,12724,3.56414566,1.2953749568014683e-11,1.0310502451815751e-13,2.8449555866937699e-14,7.9936057773011271e-15,0.0000000000000000e+00
86,2.0013038092206474e+00,5.9986961907793530e+00,13042,3.56826265,1.2985369020707771e-11,1.1652715829294871e-13,2.8315227549632819e-14,1.4210854715202004e-14,0.0000000000000000e+00
87,2.0012743486860169e+00,5.9987256513139817e+00,13470,3.60064154,1.3099171425055936e-11,1.2192099182091928e-13,3.0607117958707678e-14,1.1546319456101628e-14,0.0000000000000000e+00
88,2.0012458754760445e+00,5.9987541245239573e+00,13705,3.58019854,1.3154531581332078e-11,1.2911893776390571e-13,2.9031609977708196e-14,7.9936057773011271e-15,0.0000000000000000e+00
89,2.0012183459618096e+00,5.9987816540381891e+00,14032,3.58324821,1.3250217287632069e-11,1.0506410556369398e-13,3.0276078157009211e-14,7.9936057773011271e-15,0.0000000000000000e+00
90,2.0011917188978599e+00,5.9988082811021366e+00,14313,3.57378277,1.3313103879438442e-11,1.1200299946760121e-13,3.0997236504124010e-14,9.7699626167013776e-15,0.0000000000000000e+00
91,2.0011659552676502e+00,5.9988340447323445e+00,14745,3.60073260,1.3372247785477953e-11,9.6311847386232330e-14,3.3122129660929360e-14,9.7699626167013776e-15,0.0000000000000000e+00
92,2.0011410181405660e+00,5.9988589818594349e+00,14903,3.56020067,1.3460779024618503e-11,9.7311048108394971e-14,2.8950166514554355e-14,7.9936057773011271e-15,0.0000000000000000e+00
93,2.0011168725394937e+00,5.9988831274605143e+00,15252,3.56521739,1.3528164634090100e-11,9.6635662435081330e-14,3.1446520503057795e-14,8.8817841970012523e-15,0.0000000000000000e+00
94,2.0010934853181475e+00,5.9989065146818552e+00,15589,3.56646076,1.3623494011001129e-11,1.1522264623901415e-13,3.2120761978094678e-14,8.8817841970012523e-15,0.0000000000000000e+00
95,2.0010708250472677e+00,5.9989291749527256e+00,15919,3.56528555,1.3708434888572873e-11,1.0685896612017132e-13,3.3391021436885624e-14,8.8817841970012523e-15,0.0000000000000000e+00
96,2.0010488619089712e+00,5.9989511380910230e+00,16354,3.58640351,1.3765577452015796e-11,1.0511961671492524e-13,3.3802199946304005e-14,8.8817841970012523e-15,0.0000000000000000e+00
97,2.0010275675986251e+00,5.9989724324013700e+00,16525,3.54918385,1.3842760416023664e-11,1.1225048668350723e-13,3.3490069458641507e-14,9.7699626167013776e-15,0.0000000000000000e+00
98,2.0010069152336318e+00,5.9989930847663659e+00,16984,3.57332211,1.3892827088456892e-11,1.1464903100962451e-13,3.3589606554714885e-14,1.1546319456101628e-14,0.0000000000000000e+00
99,2.0009868792685364e+00,5.9990131207314592e+00,17252,3.55638013,1.3960258510104691e-11,1.1921944912766472e-13,3.3087224124648040e-14,9.7699626167013776e-15,0.0000000000000000e+00
100,2.0009674354160252e+00,5.9990325645839730e+00,17659,3.56747475,1.4030621412094027e-11,1.3475563257851300e-13,3.3244914326621078e-14,1.1546319456101628e-14,0.0000000000000000e+00
